{
  "name": "new_blueprint",
  "origin": [
    -13.377031,
    64.18286,
    -2.0712116
  ],
  "size": [
    13.645015,
    13.899574,
    6.913289
  ],
  "objects": [],
  "markers": []
}